Category:,Congress,Bill Type,Bill Number,Vote Position
passage-suspension,117,hr,3197,Yea
passage-suspension,117,hr,203,Nay
passage,117,hr,963,Nay
passage-suspension,117,hr,700,Nay
passage,117,hres,1508,Nay
passage-suspension,117,hr,2954,Yea
passage-suspension,117,hr,6899,Nay
passage,117,hr,7900,Nay
passage-suspension,117,hr,5001,Nay
passage-suspension,117,hr,6871,Nay
passage,117,hr,9640,Nay
passage-suspension,117,hr,1437,Nay
passage,117,hres,1232,Nay
passage,117,hr,1948,Nay
passage-suspension,117,hr,3539,Yea
passage-suspension,117,hr,8454,Nay
passage,117,hres,1256,Nay
passage,117,hr,3485,Nay
passage-suspension,117,s,3168,Nay
passage-suspension,117,hr,7077,Nay
passage-suspension,117,s,3527,Yea
passage-suspension,117,hr,3359,Nay
passage-suspension,117,s,3499,Yea
passage-suspension,117,s,812,Yea
passage,117,hres,900,Nay
passage,117,hr,3617,Nay
passage-suspension,117,s,2959,Nay
passage-suspension,117,hr,1916,Nay
passage,117,hres,1224,Nay
passage-suspension,117,hr,6089,Nay
passage-suspension,117,hr,923,Nay
passage-suspension,117,hr,1917,Yea
passage-suspension,117,s,66,Yea
passage,117,hr,8296,Nay
passage-suspension,117,hr,4738,Nay
passage-suspension,117,s,2796,Nay
passage-suspension,117,s,1760,Nay
passage-suspension,117,hr,7734,Nay
passage-suspension,117,hr,2842,Nay
passage-suspension,117,s,1872,Yea
passage,117,hres,1529,Nay
passage-suspension,117,hr,5659,Nay
passage-suspension,117,hr,6868,Nay
passage-suspension,117,s,3875,Nay
passage-suspension,117,hr,1934,Nay
passage-suspension,117,s,2629,Nay
passage-suspension,117,hr,6531,Nay
passage-suspension,117,s,3308,Nay
passage-suspension,117,hr,224,Yea
passage-suspension,117,hr,7337,Nay
passage,117,hr,8876,Not Voting
passage,117,hres,979,Nay
passage-suspension,117,hr,5271,Nay
passage-suspension,117,hr,6930,Nay
passage-suspension,117,hr,5657,Not Voting
passage-suspension,117,hr,4693,Nay
passage-suspension,117,hr,7174,Nay
passage-suspension,117,s,452,Yea
passage-suspension,117,hr,7352,Yea
passage,117,hr,1808,Nay
passage-suspension,117,s,3451,Not Voting
passage-suspension,117,hr,5774,Yea
passage,117,hr,7606,Nay
passage-suspension,117,s,4785,Yea
passage-suspension,117,hr,5879,Nay
passage-suspension,117,,,Nay
passage,117,hres,1316,Nay
passage-suspension,117,s,4003,Nay
passage-suspension,117,hr,8463,Nay
passage-suspension,117,hr,2724,Yea
passage-suspension,117,hr,6943,Nay
passage,117,hres,1404,Nay
passage-suspension,117,,,Nay
passage-suspension,117,hr,5455,Nay
passage-suspension,117,,,Nay
passage-suspension,117,hr,7335,Yea
passage,117,s,2938,Nay
passage-suspension,117,s,2490,Nay
passage-suspension,117,hr,884,Nay
passage,117,hr,5376,Nay
passage-suspension,117,hr,7622,Nay
passage-suspension,117,hr,7283,Not Voting
passage-suspension,117,s,2293,Nay
passage-suspension,117,hr,7334,Yea
passage-suspension,117,hr,7777,Nay
passage-suspension,117,hres,1125,Yea
passage,117,hres,1499,Nay
passage,117,hres,1361,Nay
passage-suspension,117,hr,5738,Yea
passage,117,s,4524,Nay
passage-suspension,117,hr,2992,Nay
passage-suspension,117,,,Nay
passage,117,hres,860,Nay
passage-suspension,117,s,4089,Nay
passage-suspension,117,s,3846,Nay
passage-suspension,117,hr,7153,Yea
passage,117,hr,6448,Nay
passage,117,hres,1396,Nay
passage-suspension,117,s,2514,Yea
passage-suspension,117,hr,8888,Nay
passage-suspension,117,hr,4785,Nay
passage,117,hres,1153,Nay
passage,117,hr,3843,Nay
passage,117,hres,1124,Nay
passage-suspension,117,hr,7321,Nay
passage,117,hr,6878,Yea
passage-suspension,117,hr,5407,Nay
passage,117,hr,4176,Nay
passage-suspension,117,hr,7667,Nay
passage,117,hres,1204,Nay
passage-suspension,117,hr,7776,Nay
passage,117,hr,3372,Nay
passage-suspension,117,hr,6965,Nay
passage,117,hr,7780,Nay
passage-suspension,117,s,4900,Nay
passage-suspension,117,,,Nay
passage-suspension,117,hr,3482,Nay
passage-suspension,117,hr,7500,Yea
passage-suspension,117,s,3662,Nay
passage-suspension,117,hr,6376,Nay
passage,117,hres,1377,Nay
passage,117,s,2938,Nay
passage-suspension,117,hr,7694,Nay
passage,117,hr,4346,Nay
passage,117,hres,1289,Nay
passage,117,hr,2377,Nay
passage,117,hr,8326,Nay
passage-suspension,117,s,2089,Nay
passage,117,hr,302,Nay
passage-suspension,117,hr,7108,Nay
passage,117,s,1942,Nay
passage-suspension,117,s,583,Nay
passage,117,hr,4445,Nay
passage,117,hres,1531,Nay
passage,117,hr,3807,Nay
passage-suspension,117,hres,831,Nay
passage-suspension,117,hr,4476,Nay
passage,117,hr,2617,Nay
passage-suspension,117,,,Nay
passage-suspension,117,,,Nay
passage-suspension,117,hres,956,Yea
passage,117,hres,1254,Nay
passage,117,s,3522,Nay
passage,117,hr,8404,Nay
passage,117,s,4003,Nay
passage-suspension,117,hr,5616,Nay
passage-suspension,117,hr,6824,Nay
passage,117,hr,8404,Nay
passage-suspension,117,hr,3508,Yea
passage-suspension,117,hr,5343,Nay
passage-suspension,117,hr,7289,Nay
passage-suspension,117,hr,5547,Nay
passage-suspension,117,hr,6825,Nay
passage-suspension,117,hr,5681,Nay
passage-suspension,117,hr,5689,Nay
passage-suspension,117,hr,5641,Nay
passage-suspension,117,hr,7939,Nay
passage-suspension,117,hr,6968,Nay
passage-suspension,117,s,3773,Nay
passage-suspension,117,hr,6552,Nay
passage-suspension,117,hr,5658,Nay
passage-suspension,117,hconres,70,Yea
passage-suspension,117,s,2938,Nay
passage,117,hr,2499,Nay
passage-suspension,117,s,658,Nay
passage,117,hres,1510,Nay
passage-suspension,117,hr,209,Yea
passage-suspension,117,hr,5673,Nay
passage,117,hr,5129,Nay
passage,117,hr,2471,Nay
passage,117,hres,1065,Nay
passage,117,s,3905,Nay
passage,117,hres,950,Nay
passage,117,hr,3967,Nay
passage,117,hr,1437,Nay
passage-suspension,117,s,144,Nay
passage,117,s,3373,Nay
passage,117,hr,4673,Nay
passage-suspension,117,hres,1168,Not Voting
passage-suspension,117,hres,833,Nay
passage-suspension,117,hr,4133,Nay
passage,117,hr,6538,Nay
passage-suspension,117,s,4052,Nay
passage-suspension,117,hres,720,Nay
passage-suspension,117,hr,6865,Nay
passage-suspension,117,hr,6891,Nay
passage-suspension,117,hr,3113,Yea
passage-suspension,117,hr,6873,Nay
passage-suspension,117,hr,4380,Nay
passage,117,hr,2116,Nay
passage-suspension,117,hr,5900,Yea
passage-suspension,117,hconres,45,Yea
passage-suspension,117,hr,7066,Nay
passage-suspension,117,hr,2324,Yea
passage,117,hr,6929,Nay
passage-suspension,117,s,4926,Nay
passage-suspension,117,hr,847,Nay
passage,117,hr,8297,Nay
passage-suspension,117,hr,5914,Nay
passage-suspension,117,s,5168,Nay
passage-suspension,117,hr,7180,Nay
passage-suspension,117,hr,55,Yea
passage-suspension,117,hr,7108,Nay
passage-suspension,117,hr,5274,Yea
passage-suspension,117,hr,7311,Nay
passage-suspension,117,hr,3344,Nay
passage-suspension,117,hr,521,Yea
passage-suspension,117,hr,5577,Yea
passage,117,hr,6833,Nay
passage-suspension,117,s,321,Yea
passage-suspension,117,hr,3588,Nay
passage-suspension,117,hr,5911,Nay
passage-suspension,117,hres,1130,Nay
passage-suspension,117,s,2333,Nay
passage-suspension,117,s,2834,Yea
passage-suspension,117,hr,8351,Yea
passage-suspension,117,hr,5324,Nay
passage-suspension,117,hr,735,Yea
passage-suspension,117,hres,892,Yea
passage-suspension,117,hr,1621,Yea
passage-suspension,117,hr,6386,Yea
passage,117,hr,7946,Nay
passage-suspension,117,hr,6434,Nay
passage,117,hr,7309,Nay
passage-suspension,117,hr,935,Yea
passage-suspension,117,hr,2116,Nay
passage,117,hr,6968,Nay
passage-suspension,117,s,2520,Nay
passage-suspension,117,,,Nay
passage-suspension,117,s,3294,Nay
passage-suspension,117,hr,7081,Nay
passage-suspension,117,hconres,59,Nay
passage,117,hr,8873,Nay
passage,117,hr,7790,Nay
passage,117,hr,1836,Nay
passage,117,hr,6833,Nay
passage-suspension,117,s,3369,Yea
passage-suspension,117,hr,7791,Nay
passage-suspension,117,hr,3630,Yea
passage-suspension,117,hr,8446,Nay
passage-suspension,117,s,2533,Yea
passage,117,hres,868,Nay
passage-suspension,117,hr,5441,Nay
passage,117,hr,6531,Nay
passage-suspension,117,hr,1456,Nay
passage-suspension,117,hr,6961,Nay
passage,117,hr,5118,Not Voting
passage-suspension,117,hr,6538,Nay
passage,117,hr,7910,Nay
passage,117,hres,1339,Nay
passage-suspension,117,hr,5315,Nay
passage,117,hres,1191,Nay
passage-suspension,117,s,2102,Yea
passage-suspension,117,hr,6064,Yea
passage,117,hres,1464,Nay
passage,117,hr,5746,Nay
passage,117,hres,1372,Nay
passage-suspension,117,s,2794,Yea
passage-suspension,117,hr,6052,Nay
passage-suspension,117,hr,2250,Yea
passage,117,s,1098,Nay
passage-suspension,117,s,4359,Yea
passage,117,hr,350,Nay
passage,117,hr,8987,Yea
passage,117,hr,2543,Nay
passage-suspension,117,hr,1066,Nay
passage,117,hr,7666,Nay
passage,117,hr,263,Not Voting
passage,117,hr,5585,Nay
passage,117,hres,1302,Nay
passage-suspension,117,s,4160,Yea
passage,117,hr,2988,Nay
passage-suspension,117,s,442,Nay
passage-suspension,117,hr,6493,Nay
passage-suspension,117,s,3157,Nay
passage-suspension,117,hr,7664,Nay
passage,117,hres,1300,Nay
passage-suspension,117,s,516,Nay
passage-suspension,117,,,Nay
passage-suspension,117,hr,6270,Nay
passage-suspension,117,hr,6604,Yea
passage-suspension,117,s,2687,Nay
passage,117,hr,8542,Nay
passage-suspension,117,s,3115,Nay
passage-suspension,117,s,2551,Nay
passage,117,hr,7688,Nay
passage,117,hjres,100,Nay
passage-suspension,117,hr,2521,Nay
passage-suspension,117,s,3470,Yea
passage-suspension,117,hr,7211,Not Voting
passage-suspension,117,s,3580,Not Voting
passage-suspension,117,s,3895,Nay
passage-suspension,117,hr,7670,Nay
passage-suspension,117,hr,2020,Yea
passage,117,hr,2773,Nay
passage,117,hres,1170,Nay
passage-suspension,117,s,3823,Nay
passage-suspension,117,hr,8466,Nay
passage-suspension,117,,,Nay
passage,117,hconres,119,Nay
passage-suspension,117,s,958,Yea
passage-suspension,117,hr,6087,Yea
passage-suspension,117,hr,7375,Nay
passage,117,hr,4118,Nay
passage-suspension,117,s,231,Nay
passage,117,hr,5768,Nay
passage-suspension,117,hr,5754,Yea
passage-suspension,117,hr,7535,Yea
passage,117,hres,1017,Nay
passage-suspension,117,s,5230,Yea
passage,117,hres,1518,Nay
passage,117,hr,7691,Nay
passage-suspension,117,hr,7025,Nay
passage,117,hr,8294,Nay
passage-suspension,117,hr,91,Yea
passage-suspension,117,s,2126,Yea
passage-suspension,117,s,1617,Yea
passage,117,hres,1119,Nay
passage,117,hres,973,Nay
passage-suspension,117,s,4834,Yea
passage-suspension,117,hr,92,Yea
passage-suspension,117,hr,5706,Nay
passage-suspension,117,s,989,Nay
passage,117,hres,1033,Nay
passage-suspension,117,hr,7314,Nay
passage-suspension,117,s,5087,Nay
passage-suspension,117,s,566,Yea
passage,117,hres,1037,Nay
passage-suspension,117,hr,2501,Nay
passage,117,hr,6617,Nay
passage-suspension,117,hr,496,Nay
passage-suspension,117,hr,7693,Nay
passage-suspension,117,hr,207,Yea
passage-suspension,117,s,400,Nay
passage,117,hr,2471,Nay
passage,117,hr,8393,Nay
passage,117,hr,903,Nay
passage-suspension,117,s,1226,Nay
passage-suspension,117,hres,1512,Nay
passage-suspension,117,hr,4404,Yea
passage,117,hres,1097,Nay
passage-suspension,117,s,1466,Nay
passage,117,hres,1519,Nay
passage,117,hr,8373,Nay
passage,117,hres,1023,Nay
passage-suspension,117,hr,7372,Nay
passage,117,hr,3076,Nay
passage-suspension,117,hr,1218,Nay
passage,117,hres,912,Nay
passage-suspension,117,s,497,Nay
passage-suspension,117,s,4104,Nay
passage-suspension,117,s,1402,Nay
passage-suspension,117,hr,7276,Nay
passage,117,hr,4521,Nay
passage,117,hr,8,Nay
passage-suspension,117,,,Nay
passage-suspension,117,hr,485,Nay
passage,117,hr,1620,Nay
passage-suspension,117,hr,1443,Nay
passage-suspension,117,hr,3462,Yea
passage,117,hr,1319,Nay
passage,117,hr,3005,Nay
passage,117,hr,3233,Nay
passage-suspension,117,hr,4660,Yea
passage-suspension,117,hr,5720,Yea
passage-suspension,117,hr,1917,Nay
passage-suspension,117,hr,3193,Yea
passage-suspension,117,hr,1651,Nay
passage-suspension,117,hr,4111,Nay
passage-suspension,117,s,578,Nay
passage-suspension,117,hr,941,Nay
passage-suspension,117,hr,2617,Nay
passage,117,hres,380,Nay
passage,117,hconres,11,Nay
passage-suspension,117,hr,1154,Nay
passage,117,hres,409,Nay
passage-suspension,117,hr,1339,Nay
passage-suspension,117,hr,1652,Nay
passage-suspension,117,hr,4352,Nay
passage,117,hr,803,Nay
passage,117,hr,3992,Nay
passage,117,hres,503,Nay
passage-suspension,117,hr,4481,Nay
passage-suspension,117,hr,1085,Nay
passage,117,hres,479,Nay
passage-suspension,117,hr,1799,Nay
passage,117,hres,504,Nay
passage,117,hr,3684,Nay
passage-suspension,117,s,848,Nay
passage-suspension,117,hr,1392,Nay
passage,117,hres,85,Nay
passage,117,hr,335,Nay
passage,117,hr,7,Nay
passage,117,hres,101,Nay
passage-suspension,117,,,Nay
passage-suspension,117,s,164,Yea
passage-suspension,117,hr,2989,Nay
passage,117,hres,41,Not Voting
passage-suspension,117,hr,4489,Nay
passage-suspension,117,hr,5561,Nay
passage-suspension,117,hr,3531,Yea
passage-suspension,117,hr,5119,Nay
passage-suspension,117,hr,897,Nay
passage-suspension,117,hr,1667,Nay
passage-suspension,117,s,957,Yea
passage,117,hres,555,Nay
passage-suspension,117,,,Nay
passage,117,hres,849,Nay
passage-suspension,117,hr,2074,Nay
passage-suspension,117,hr,5551,Nay
passage-suspension,117,hr,4555,Nay
passage-suspension,117,hr,5487,Nay
passage-suspension,117,hr,4706,Yea
passage,117,hr,4502,Nay
passage-suspension,117,hr,5608,Nay
passage,117,hres,848,Nay
passage,117,hr,2668,Nay
passage,117,hres,1,Yea
passage-suspension,117,s,1910,Yea
passage,117,hres,508,Nay
passage-suspension,117,hr,826,Yea
passage-suspension,117,hr,5705,Yea
passage-suspension,117,s,1828,Yea
passage-suspension,117,s,189,Yea
passage-suspension,117,hr,5961,Yea
passage-suspension,117,hr,4300,Yea
passage-suspension,117,hr,4981,Nay
passage-suspension,117,hr,2497,Yea
passage,117,s,1605,Nay
passage,117,hr,3684,Nay
passage,117,hr,4346,Nay
passage-suspension,117,hr,4250,Nay
passage,117,s,610,Nay
passage,117,hres,838,Nay
passage-suspension,117,s,325,Yea
passage-suspension,117,hr,5982,Yea
passage-suspension,117,hr,1693,Nay
passage-suspension,117,hr,5695,Yea
passage,117,hres,667,Nay
passage,117,hres,330,Nay
passage-suspension,117,hr,1029,Yea
passage,117,hres,730,Nay
passage,117,hr,5305,Nay
passage-suspension,117,hr,1487,Yea
passage-suspension,117,hr,4369,Nay
passage-suspension,117,hr,1002,Yea
passage-suspension,117,hr,2379,Nay
passage-suspension,117,s,796,Nay
passage-suspension,117,hr,3730,Nay
passage,117,hres,179,Nay
passage-suspension,117,hr,4026,Nay
passage,117,hr,2547,Nay
passage-suspension,117,s,1095,Yea
passage-suspension,117,,,Nay
passage,117,sjres,13,Nay
passage-suspension,117,,,Nay
passage,117,hr,1603,Nay
passage-suspension,117,s,108,Yea
passage-suspension,117,hr,2685,Nay
passage-suspension,117,hr,1975,Nay
passage,117,s,475,Yea
passage,117,hr,239,Nay
passage,117,hr,1280,Nay
passage-suspension,117,hr,654,Nay
passage-suspension,117,hr,1899,Yea
passage-suspension,117,hr,1502,Nay
passage-suspension,117,hr,4028,Nay
passage-suspension,117,hr,4611,Yea
passage,117,s,1301,Nay
passage-suspension,117,hr,208,Yea
passage,117,hres,147,Nay
passage-suspension,117,hr,4089,Nay
passage-suspension,117,,,Nay
passage,117,hres,727,Nay
passage-suspension,117,hr,550,Nay
passage,117,sjres,14,Nay
passage-suspension,117,hr,5221,Nay
passage,117,hres,275,Nay
passage-suspension,117,hr,3616,Yea
passage,117,hres,486,Nay
passage,117,hr,1443,Nay
passage,117,hres,198,Nay
passage,117,hres,774,Nay
passage-suspension,117,hr,5574,Nay
passage,117,hres,403,Nay
passage-suspension,117,hr,4233,Yea
passage,117,hres,303,Not Voting
passage,117,hr,3110,Nay
passage,117,hres,38,Nay
passage,117,hres,21,Nay
passage,117,hr,2119,Nay
passage-suspension,117,hr,1215,Nay
passage-suspension,117,hr,1228,Nay
passage,117,hr,51,Nay
passage-suspension,117,s,1511,Yea
passage-suspension,117,hr,3599,Nay
passage,117,hres,72,Nay
passage-suspension,117,hr,4515,Yea
passage-suspension,117,hr,3325,Nay
passage,117,hr,2662,Nay
passage-suspension,117,hr,567,Nay
passage,117,hjres,17,Nay
passage-suspension,117,s,1064,Nay
passage,117,hr,1319,Nay
passage-suspension,117,,,Nay
passage,117,hres,829,Nay
passage,117,hr,1629,Nay
passage-suspension,117,hr,3709,Yea
passage-suspension,117,hr,4679,Nay
passage-suspension,117,hr,4055,Nay
passage,117,hres,166,Nay
passage-suspension,117,hr,5763,Nay
passage,117,hres,688,Nay
passage-suspension,117,hr,1629,Nay
passage-suspension,117,hr,4686,Nay
passage,117,hres,91,Nay
passage-suspension,117,hr,1204,Nay
passage-suspension,117,hr,1460,Nay
passage-suspension,117,s,1502,Yea
passage-suspension,117,hr,4045,Nay
passage,117,hr,3237,Nay
passage-suspension,117,hr,390,Yea
passage,117,hres,233,Nay
passage,117,hr,1187,Nay
passage-suspension,117,hr,2220,Yea
passage-suspension,117,hres,760,Yea
passage,117,hr,1446,Nay
passage,117,hres,473,Nay
passage,117,hr,842,Nay
passage-suspension,117,hr,239,Nay
passage-suspension,117,hr,4531,Nay
passage,117,hr,6119,Nay
passage,117,sjres,33,Nay
passage-suspension,117,hr,1664,Yea
passage,117,hr,3985,Nay
passage,117,hres,8,Nay
passage,117,hres,535,Nay
passage,117,hres,851,Nay
passage,117,hr,5314,Nay
passage-suspension,117,hres,317,Yea
passage-suspension,117,hres,837,Yea
passage-suspension,117,hr,3894,Nay
passage-suspension,117,hr,2355,Nay
passage,117,hr,2467,Nay
passage-suspension,117,hr,22,Yea
passage,117,hres,852,Nay
passage,117,hr,5665,Nay
passage-suspension,117,hr,2365,Yea
passage-suspension,117,hr,5323,Yea
passage-suspension,117,hr,2364,Nay
passage-suspension,117,hr,3743,Nay
passage-suspension,117,hr,1155,Yea
passage-suspension,117,hr,3537,Yea
passage,117,hr,4373,Nay
passage-suspension,117,hr,5290,Nay
passage,117,hr,3755,Nay
passage-suspension,117,hr,5293,Yea
passage-suspension,117,hr,5677,Yea
passage-suspension,117,hr,3237,Yea
passage-suspension,117,hr,4996,Nay
passage-suspension,117,hr,2930,Nay
passage-suspension,117,s,272,Yea
passage-suspension,117,hr,2278,Yea
passage-suspension,117,hr,4616,Yea
passage,117,hres,601,Nay
passage,117,hr,4350,Not Voting
passage-suspension,117,hr,5679,Yea
passage,117,hr,5305,Nay
passage-suspension,117,hr,5609,Nay
passage,117,hr,4,Nay
passage,117,hres,567,Nay
passage-suspension,117,hr,172,Nay
passage-suspension,117,hr,2877,Nay
passage-suspension,117,hr,3469,Yea
passage-suspension,117,s,937,Nay
passage,117,hres,803,Nay
passage-suspension,117,hr,1374,Nay
passage-suspension,117,hres,134,Nay
passage-suspension,117,hr,2758,Nay
passage-suspension,117,hr,3593,Nay
passage,117,hres,789,Nay
passage,117,hr,2062,Nay
passage,117,hres,188,Nay
passage-suspension,117,hr,4881,Nay
passage-suspension,117,hr,983,Yea
passage-suspension,117,hr,1996,Nay
passage-suspension,117,hr,3533,Yea
passage,117,hres,716,Nay
passage,117,hr,1333,Nay
passage-suspension,117,hr,1192,Yea
passage,117,hr,1195,Nay
passage-suspension,117,hr,3919,Yea
passage-suspension,117,hr,1762,Yea
passage-suspension,117,hr,1490,Nay
passage-suspension,117,hr,4032,Nay
passage,117,hr,5,Nay
passage,117,hr,1573,Nay
passage,117,hres,795,Nay
passage,117,hr,6,Nay
passage-suspension,117,hr,2088,Nay
passage,117,sjres,15,Nay
passage-suspension,117,hr,2225,Nay
passage,117,hr,1,Nay
passage-suspension,117,hr,1619,Nay
passage,117,hr,256,Yea
passage,117,hr,1868,Nay
passage-suspension,117,hr,4256,Nay
passage-suspension,117,hr,147,Yea
passage-suspension,117,hr,2911,Yea
passage-suspension,117,hr,1868,Not Voting
passage-suspension,117,hr,391,Nay
passage,117,hr,1065,Nay
passage,117,hr,5376,Nay
passage-suspension,117,hr,4067,Nay
passage-suspension,117,hr,446,Nay
passage-suspension,117,hr,3635,Nay
passage-suspension,117,hr,546,Yea
passage-suspension,117,hr,1482,Yea
passage-suspension,117,hr,5434,Nay
passage-suspension,117,hres,130,Yea
passage,117,hr,447,Nay
passage,118,hr,2925,Yea
passage-suspension,118,hr,7521,Nay
passage-suspension,118,s,546,Nay
passage-suspension,118,hr,4755,Not Voting
passage-suspension,118,hres,966,Yea
passage-suspension,118,hr,4866,Not Voting
passage-suspension,118,hres,149,Nay
passage,118,hr,6679,Yea
passage,118,hr,4691,Yea
passage,118,hr,6918,Yea
passage,118,hr,8771,Nay
passage,118,hjres,98,Yea
passage-suspension,118,hr,3250,Nay
passage,118,hr,6914,Yea
passage,118,hr,4639,Yea
passage-suspension,118,s,3427,Yea
passage-suspension,118,hr,5826,Yea
passage,118,hr,8034,Nay
passage,118,hr,529,Not Voting
passage-suspension,118,hr,7659,Yea
passage-suspension,118,hr,4723,Nay
passage-suspension,118,hr,886,Nay
passage-suspension,118,hr,6603,Yea
passage-suspension,118,hr,5528,Yea
passage,118,hr,6678,Yea
passage,118,hr,6046,Yea
passage,118,hres,969,Yea
passage,118,hr,8752,Nay
passage,118,hr,5947,Yea
passage-suspension,118,hr,2754,Yea
passage-suspension,118,s,2051,Yea
passage-suspension,118,hr,6543,Nay
passage,118,hres,1316,Yea
passage,118,hr,8146,Yea
passage-suspension,118,hr,3950,Nay
passage-suspension,118,hr,2789,Nay
passage-suspension,118,hr,2964,Nay
passage,118,hr,8580,Yea
passage,118,hr,354,Yea
passage-suspension,118,hr,4581,Yea
passage-suspension,118,hr,3935,Nay
passage-suspension,118,hr,1797,Yea
passage-suspension,118,hr,6960,Yea
passage,118,hr,7530,Yea
passage-suspension,118,hr,4310,Yea
passage-suspension,118,s,138,Nay
passage-suspension,118,hr,443,Yea
passage-suspension,118,hr,5921,Yea
passage-suspension,118,hr,3354,Nay
passage,118,hr,8036,Nay
passage-suspension,118,hr,4984,Nay
passage,118,hres,1143,Yea
passage-suspension,118,hr,7463,Nay
passage-suspension,118,hr,3843,Not Voting
passage-suspension,118,hr,7219,Yea
passage,118,hr,1121,Yea
passage,118,hr,6192,Yea
passage-suspension,118,hr,3391,Not Voting
passage-suspension,118,hr,5923,Yea
passage-suspension,118,hr,2882,Yea
veto-override,118,hjres,98,Yea
passage-suspension,118,hr,3838,Not Voting
passage,118,hr,3195,Yea
passage,118,hr,6009,Yea
passage,118,hr,7700,Yea
passage-suspension,118,hr,7454,Nay
passage,118,hres,1112,Yea
passage,118,hr,7511,Yea
passage,118,hr,6323,Yea
passage-suspension,118,hr,2766,Nay
passage-suspension,118,hr,7525,Nay
passage-suspension,118,hr,7102,Yea
passage,118,hr,8774,Yea
passage,118,hres,957,Yea
passage-suspension,118,s,3250,Yea
passage-suspension,118,hr,897,Nay
passage-suspension,118,hr,3033,Yea
passage,118,hr,5585,Yea
passage,118,hres,1344,Yea
passage,118,hres,1065,Yea
passage-suspension,118,hr,1767,Yea
passage-suspension,118,hr,4143,Yea
passage,118,hjres,165,Yea
passage-suspension,118,hr,3202,Nay
passage-suspension,118,hr,3738,Yea
passage-suspension,118,hr,4877,Not Voting
passage-suspension,118,hres,883,Yea
passage-suspension,118,hres,288,Yea
passage-suspension,118,hr,6655,Nay
passage-suspension,118,hr,5441,Nay
passage-suspension,118,hr,2872,Nay
passage-suspension,118,hr,5862,Yea
passage-suspension,118,hres,1102,Nay
passage-suspension,118,hr,4824,Not Voting
passage-suspension,118,hr,1752,Yea
passage,118,hr,8035,Nay
passage-suspension,118,hr,5856,Nay
veto-override,118,hjres,109,Yea
passage,118,hr,615,Yea
passage,118,hr,7109,Yea
passage-suspension,118,hr,6093,Nay
passage-suspension,118,s,870,Nay
passage-suspension,118,hr,4016,Yea
passage,118,hr,8772,Yea
passage-suspension,118,hr,3019,Yea
passage,118,hres,1213,Not Voting
passage,118,sjres,38,Yea
passage-suspension,118,hr,6571,Nay
passage,118,hr,8282,Yea
passage-suspension,118,hres,901,Nay
passage,118,hr,8369,Nay
passage-suspension,118,hr,839,Yea
passage-suspension,118,hr,6572,Nay
passage-suspension,118,hr,5863,Yea
passage,118,hr,788,Yea
passage-suspension,118,hr,7152,Nay
passage,118,hr,7581,Yea
passage,118,hr,7343,Yea
passage,118,hres,1292,Yea
passage-suspension,118,hr,6983,Yea
passage-suspension,118,hres,1215,Not Voting
passage-suspension,118,hr,4510,Nay
passage,118,hres,1210,Yea
passage,118,hjres,109,Yea
passage,118,hr,7176,Yea
passage,118,hres,1160,Nay
passage,118,hr,8038,Nay
passage-suspension,118,hr,6544,Yea
passage,118,hconres,86,Yea
passage,118,hr,7637,Yea
passage-suspension,118,hr,8289,Nay
passage-suspension,118,hres,1061,Nay
passage-suspension,118,hr,7024,Yea
passage-suspension,118,hr,6015,Yea
passage-suspension,118,hr,2560,Nay
passage-suspension,118,hr,4681,Yea
passage-suspension,118,hr,7520,Yea
passage-suspension,118,hr,3821,Yea
passage-suspension,118,hr,7423,Yea
passage,118,hr,6090,Nay
passage,118,hres,987,Yea
passage-suspension,118,hr,5375,Nay
passage-suspension,118,hr,1836,Nay
passage-suspension,118,hr,3602,Yea
passage-suspension,118,hr,533,Nay
passage-suspension,118,hr,5917,Yea
passage-suspension,118,hr,7217,Nay
passage-suspension,118,s,382,Yea
passage-suspension,118,hr,1727,Yea
passage-suspension,118,hr,6245,Yea
passage-suspension,118,hr,6408,Yea
passage,118,hr,6976,Yea
passage-suspension,118,hconres,25,Yea
passage-suspension,118,hr,4470,Yea
passage-suspension,118,hr,3981,Yea
passage,118,hjres,88,Yea
passage,118,hr,4821,Yea
passage,118,hr,4364,Yea
passage-suspension,118,hr,302,Yea
passage,118,hjres,74,Nay
passage,118,hr,382,Yea
passage,118,hres,773,Nay
passage-suspension,118,hr,1607,Yea
passage,118,hconres,21,Yea
passage,118,hres,11,Yea
passage-suspension,118,hr,663,Nay
passage,118,hr,2811,Yea
passage-suspension,118,s,475,Yea
passage,118,hr,4468,Yea
passage-suspension,118,hr,1353,Yea
passage,118,hr,4368,Yea
passage-suspension,118,hr,1154,Nay
passage-suspension,118,hr,1107,Yea
passage,118,hr,4665,Nay
passage-suspension,118,hr,3774,Yea
passage,118,hres,12,Yea
passage-suspension,118,hr,753,Yea
passage,118,hjres,68,Nay
passage,118,hr,26,Yea
passage,118,hjres,70,Nay
passage,118,hconres,9,Yea
passage-suspension,118,hr,2812,Nay
passage,118,hres,845,Yea
passage,118,hres,456,Yea
veto-override,118,hjres,45,Yea
passage,118,hres,521,Yea
passage-suspension,118,hr,1734,Yea
passage-suspension,118,hres,793,Yea
passage,118,hr,288,Yea
passage,118,hr,3799,Yea
passage-suspension,118,hr,2796,Nay
passage-suspension,118,hr,3089,Yea
passage-suspension,118,hres,888,Yea
passage-suspension,118,hres,363,Yea
passage-suspension,118,hres,894,Yea
passage-suspension,118,hr,2792,Yea
passage,118,sjres,32,Yea
passage-suspension,118,hr,1339,Nay
passage,118,hr,2,Yea
passage,118,hr,277,Yea
passage-suspension,118,hr,1096,Yea
veto-override,118,hjres,42,Yea
passage,118,hr,467,Yea
passage,118,hconres,30,Yea
passage,118,hres,878,Nay
passage-suspension,118,hr,542,Yea
passage-suspension,118,hr,2795,Yea
passage,118,hjres,44,Yea
passage,118,hr,1615,Yea
passage-suspension,118,hr,1548,Yea
passage-suspension,118,hr,359,Nay
passage,118,hjres,30,Yea
passage-suspension,118,hr,346,Yea
passage-suspension,118,s,111,Yea
passage-suspension,118,hr,300,Yea
passage-suspension,118,hres,798,Yea
passage,118,hr,4366,Yea
passage-suspension,118,hr,3324,Yea
passage,118,hr,140,Yea
passage-suspension,118,hr,406,Nay
passage-suspension,118,hr,1151,Yea
passage-suspension,118,hres,927,Yea
passage-suspension,118,hr,5860,Nay
passage,118,hr,21,Yea
passage-suspension,118,hr,500,Yea
passage-suspension,118,hr,2379,Yea
passage-suspension,118,hres,240,Yea
passage,118,hr,6126,Nay
passage-suspension,118,hr,159,Yea
passage-suspension,118,hr,400,Nay
passage,118,hr,2670,Yea
passage,118,hr,1147,Yea
passage-suspension,118,hr,4502,Yea
veto-override,118,hjres,30,Yea
passage,118,hr,1,Yea
passage-suspension,118,hr,1567,Yea
passage,118,sjres,9,Yea
passage,118,hr,4394,Not Voting
passage,118,hr,139,Yea
passage-suspension,118,hres,559,Not Voting
passage,118,hjres,71,Nay
passage,118,hjres,7,Yea
passage-suspension,118,hr,1226,Yea
passage-suspension,118,hconres,57,Yea
passage,118,hr,23,Yea
passage,118,hr,4367,Yea
passage-suspension,118,hr,5378,Nay
passage,118,hr,734,Yea
passage,118,hr,4365,Yea
passage,118,hres,914,Yea
passage-suspension,118,hr,1338,Yea
passage,118,hr,5933,Yea
passage,118,hr,1435,Yea
passage-suspension,118,hr,1123,Nay
passage,118,hres,5,Yea
passage-suspension,118,hr,340,Yea
passage,118,hres,76,Yea
passage,118,hjres,79,Nay
passage-suspension,118,hr,813,Nay
passage,118,hr,3935,Nay
passage-suspension,118,hr,3224,Yea
passage,118,hr,5692,Nay
passage-suspension,118,hres,90,Yea
passage-suspension,118,hres,311,Yea
passage-suspension,118,s,112,Yea
passage-suspension,118,hr,6503,Yea
passage-suspension,118,hr,593,Yea
passage-suspension,118,hr,1105,Not Voting
passage-suspension,118,hr,1156,Yea
passage-suspension,118,hres,382,Yea
passage,118,hr,3564,Yea
passage-suspension,118,hr,2793,Not Voting
passage-suspension,118,hr,3672,Yea
passage-suspension,118,hr,1076,Yea
passage,118,hr,5961,Yea
passage-suspension,118,hr,1606,Yea
passage,118,hres,461,Yea
passage-suspension,118,hr,2797,Yea
passage,118,hr,1640,Yea
passage-suspension,118,hr,1530,Yea
passage,118,hres,906,Not Voting
passage-suspension,118,hr,676,Not Voting
passage-suspension,118,hr,6363,Nay
passage-suspension,118,hr,1715,Not Voting
passage-suspension,118,hr,1547,Not Voting
passage,118,sjres,11,Yea
passage-suspension,118,hr,1669,Yea
passage-suspension,118,hr,3099,Yea
passage-suspension,118,hr,5110,Yea
passage,118,hjres,45,Yea
veto-override,118,hjres,39,Yea
passage-suspension,118,hr,3848,Yea
passage,118,hjres,39,Yea
passage-suspension,118,hr,1149,Nay
passage,118,hres,757,Nay
passage-suspension,118,hr,589,Yea
passage,118,hjres,27,Yea
passage-suspension,118,hr,5524,Nay
passage-suspension,118,hr,5119,Yea
passage-suspension,118,hr,1159,Yea
passage-suspension,118,hr,3152,Yea
passage-suspension,118,hres,771,Yea
veto-override,118,hjres,27,Yea
passage,118,hconres,3,Yea
passage-suspension,118,hres,132,Nay
passage,118,hjres,24,Yea
passage,118,hr,185,Yea
passage-suspension,118,hr,2670,Nay
passage,118,hr,5525,Nay
passage,118,hr,3941,Yea
passage-suspension,118,hr,2365,Yea
passage,118,sjres,24,Yea
passage-suspension,118,s,788,Yea
passage-suspension,118,hr,1093,Yea
passage,118,hjres,42,Yea
passage,118,s,619,Yea
passage-suspension,118,hr,4531,Nay
passage-suspension,118,hres,492,Yea
passage-suspension,118,hres,104,Yea
passage-suspension,118,hconres,7,Yea
passage,118,hjres,26,Yea
passage-suspension,118,hr,538,Yea
passage,118,hr,22,Yea
